所属公司,设备描述,设备链接,发布日期,相关度评分,来源
3. 瓦锡兰玉柴发动机有限公司,WARTSILA,http://www.eworldship.com/app/cengine/2678,2023-06-01T00:00:00,6.9843593,国际船舶网
3. 瓦锡兰玉柴发动机有限公司,WARTSILA,http://www.eworldship.com/app/cengine/2678,2023-06-01T00:00:00,6.9843593,国际船舶网
3. 瓦锡兰玉柴发动机有限公司,WARTSILA,http://www.eworldship.com/app/cengine/2678,2023-06-01T00:00:00,6.939558,国际船舶网
25. 瓦锡兰（中国）有限公司,WARTSILA,http://www.eworldship.com/app/cengine/1309,2023-06-01T00:00:00,6.939558,国际船舶网
3. 瓦锡兰玉柴发动机有限公司,WARTSILA,http://www.eworldship.com/app/cengine/2678,2023-06-01T00:00:00,6.848176,国际船舶网
25. 瓦锡兰（中国）有限公司,WARTSILA,http://www.eworldship.com/app/cengine/1309,2023-06-01T00:00:00,6.848176,国际船舶网
3. 瓦锡兰玉柴发动机有限公司,WARTSILA,http://www.eworldship.com/app/cengine/2678,2023-06-01T00:00:00,5.9659495,国际船舶网
14. 玉柴船舶动力股份有限公司,WARTSILA,http://www.eworldship.com/app/cengine/1892,2023-06-01T00:00:00,5.9659495,国际船舶网
3. 瓦锡兰玉柴发动机有限公司,WARTSILA,http://www.eworldship.com/app/cengine/2678,2023-06-01T00:00:00,5.9659495,国际船舶网
3. 瓦锡兰玉柴发动机有限公司,WARTSILA,http://www.eworldship.com/app/cengine/2678,2023-06-01T00:00:00,5.9659495,国际船舶网
